-- ============================================================
-- BORGHINI CREATIVE OS — Seed Data (UUID-fixed)
-- ============================================================

-- === PRODUCERS ===
insert into producers (id, name, role, daw, phone, notes, active) values ('ae6d7978-ca15-447a-927c-be9670a3d27e', 'BANTERS', 'snekker', 'FL', NULL, 'Hovedsnekker', true) on conflict do nothing;
insert into producers (id, name, role, daw, phone, notes, active) values ('661295c4-169c-46fc-b864-f94730bad21f', 'GUCCI', 'snekker', 'ABLETON', NULL, 'Hovedsnekker', true) on conflict do nothing;
insert into producers (id, name, role, daw, phone, notes, active) values ('61b039c5-fb56-4a85-af63-f587c6cbfe4d', 'BJØRNEN', 'snekker', 'FL', NULL, 'Hovedsnekker', true) on conflict do nothing;
insert into producers (id, name, role, daw, phone, notes, active) values ('61534d2d-85cf-404f-b570-7c180cc862ab', 'FILIP', 'sluttforing', 'ABLETON', NULL, 'Sluttforing', true) on conflict do nothing;
insert into producers (id, name, role, daw, phone, notes, active) values ('02f52261-32c0-429c-ae81-39b85ae426d3', 'TORMOD', 'snekker', 'ABLETON', NULL, 'CO-CEO, 300M+ streams', true) on conflict do nothing;
insert into producers (id, name, role, daw, phone, notes, active) values ('09e35c3c-5dcf-4106-891c-d4fccf295079', 'BENJAMIN', 'snekker', 'ABLETON', NULL, 'Daglig leder', true) on conflict do nothing;
insert into producers (id, name, role, daw, phone, notes, active) values ('01ccbe63-530d-4075-9f54-003b644308f1', 'TOBIAS', 'tracks', 'ABLETON', NULL, 'EDM/POP', true) on conflict do nothing;
insert into producers (id, name, role, daw, phone, notes, active) values ('a6323f75-e15c-4db6-a062-5b72c0f1e912', 'KARSTEN', 'tracks', 'ABLETON/FL', NULL, 'HIPHOP/EDM', true) on conflict do nothing;
insert into producers (id, name, role, daw, phone, notes, active) values ('7cca1937-9141-4fc3-abca-ecae52fd6908', 'ANDREAS TALSETH', 'snekker', NULL, NULL, NULL, true) on conflict do nothing;
insert into producers (id, name, role, daw, phone, notes, active) values ('b3964238-5240-4ed6-b4be-bb2ed1afc033', 'DAPE / SNÆX', 'snekker', 'ABLETON', NULL, NULL, true) on conflict do nothing;
insert into producers (id, name, role, daw, phone, notes, active) values ('db6d8daf-12a7-4124-a520-744d52268f8d', 'BOOMBÆP', 'snekker', 'FL', NULL, NULL, true) on conflict do nothing;
insert into producers (id, name, role, daw, phone, notes, active) values ('86ca99f3-752e-4caf-8aa9-b4b12d609487', 'NVAR', 'sluttforing', 'LOGIC', NULL, 'Mix/Sluttforing', true) on conflict do nothing;
insert into producers (id, name, role, daw, phone, notes, active) values ('7c5ba52f-f397-413f-b418-7f46fb1da59f', 'OLIVER', 'latskriver', NULL, NULL, 'Mæx, lyrics & sync, TONO, releases', true) on conflict do nothing;
insert into producers (id, name, role, daw, phone, notes, active) values ('caea4097-c41c-49f5-b106-38fdedc268cf', 'MATHIAS', 'latskriver', NULL, NULL, 'Lisse Isse', true) on conflict do nothing;
insert into producers (id, name, role, daw, phone, notes, active) values ('0c51c64c-c2c2-4c1a-802b-fddccc054928', 'CARSTEN ANKER', 'latskriver', NULL, NULL, 'Tekst-geni', true) on conflict do nothing;
insert into producers (id, name, role, daw, phone, notes, active) values ('b30f10fe-dc31-4214-a012-5b4ca53e2ba8', 'ALFRED HAAVELSRUD', 'sluttforing', 'ABLETON', '953 00 238', 'Sluttforing', true) on conflict do nothing;

-- === PROJECTS ===
insert into projects (id, project_id, name, type, status, form_status, release_date, producer_id, price, audition, notes, tiktok_approved, spotify_sent) values ('7dd5f400-247c-40e0-80ce-365fad17605b', 'ID 107', 'TVEDESTRAND', 'HJEMMESNEKK', 'RELEASED', 'Sendt releaseskjema', '2026-06-27', 'ae6d7978-ca15-447a-927c-be9670a3d27e', 44, '', '', false, false) on conflict do nothing;
insert into projects (id, project_id, name, type, status, form_status, release_date, producer_id, price, audition, notes, tiktok_approved, spotify_sent) values ('2670926c-4377-496e-a498-ae7d070006b3', 'ID 108', 'FANA 2027', 'HJEMMESNEKK', 'WIP', 'Sendt releaseskjema', '2026-08-14', '02f52261-32c0-429c-ae81-39b85ae426d3', 50, '2000,- digital audition', 'Session 11-12 april', false, false) on conflict do nothing;
insert into projects (id, project_id, name, type, status, form_status, release_date, producer_id, price, audition, notes, tiktok_approved, spotify_sent) values ('db4a5756-7533-4f5a-9dad-cf3425919af3', 'ID 148', 'MOLDE', 'HJEMMESNEKK', 'GODKJENT', 'Sendt forberedelse', NULL, '02f52261-32c0-429c-ae81-39b85ae426d3', 45, 'INKLUDERT', 'NÅ ASAP ZULU', false, false) on conflict do nothing;
insert into projects (id, project_id, name, type, status, form_status, release_date, producer_id, price, audition, notes, tiktok_approved, spotify_sent) values ('e955a3ba-1d11-4405-8649-5295523d9a04', 'ID 146', 'KKG / KRISTIAND', 'HJEMMESNEKK', 'WIP', 'Ikke sendt', '2026-07-07', '09e35c3c-5dcf-4106-891c-d4fccf295079', 55, '2000,- DA', 'Session 30+31 mai', false, false) on conflict do nothing;
insert into projects (id, project_id, name, type, status, form_status, release_date, producer_id, price, audition, notes, tiktok_approved, spotify_sent) values ('1d9c6502-41c2-4e6a-9deb-542ed313219d', 'ID 140', 'ARENDAL', 'HJEMMESNEKK', 'GODKJENT', 'Sendt releaseskjema', '2026-07-07', '02f52261-32c0-429c-ae81-39b85ae426d3', 50, 'INKLUDERT', 'Session 25+26 april', false, false) on conflict do nothing;
insert into projects (id, project_id, name, type, status, form_status, release_date, producer_id, price, audition, notes, tiktok_approved, spotify_sent) values ('c8dff6b2-0b98-440e-b65e-4b97da4d903d', 'ID 105', 'HAMAR 2027', 'HJEMMESNEKK', 'GODKJENT', 'Sendt releaseskjema', '2026-07-31', '01ccbe63-530d-4075-9f54-003b644308f1', 35, 'Tilbud', 'Ønsker instrumental', false, false) on conflict do nothing;
insert into projects (id, project_id, name, type, status, form_status, release_date, producer_id, price, audition, notes, tiktok_approved, spotify_sent) values ('a0be1056-9bd7-4ac5-98c8-46f38b40f935', 'ID 138', 'TVEDESTRAND 2', 'HJEMMESNEKK', 'WIP', 'Sendt releaseskjema', '2026-08-14', '01ccbe63-530d-4075-9f54-003b644308f1', 61, 'ØNSKER IKKE', 'Session 2-3 mai', false, false) on conflict do nothing;
insert into projects (id, project_id, name, type, status, form_status, release_date, producer_id, price, audition, notes, tiktok_approved, spotify_sent) values ('3fc82423-75be-4f6f-a2dc-40370f6ca548', 'ID 131', 'TRONDHEIM', 'HJEMMESNEKK', 'WIP', 'Sendt releaseskjema', '2026-08-14', '09e35c3c-5dcf-4106-891c-d4fccf295079', 50, 'Tilbud', 'Session 23+24 mai', false, false) on conflict do nothing;
insert into projects (id, project_id, name, type, status, form_status, release_date, producer_id, price, audition, notes, tiktok_approved, spotify_sent) values ('c6782913-df23-4ef7-8796-52dc5b858df9', 'ID 103', 'HADELAND 2027', 'HJEMMESNEKK', 'WIP', 'Sendt releaseskjema', '2026-08-15', '02f52261-32c0-429c-ae81-39b85ae426d3', 40, 'UPSELLING', 'Upselling', false, false) on conflict do nothing;
insert into projects (id, project_id, name, type, status, form_status, release_date, producer_id, price, audition, notes, tiktok_approved, spotify_sent) values ('437195d6-06b4-4928-a242-822e8c436093', 'ID 135', 'TRONDHEIM / BIT', 'HJEMMESNEKK', 'WIP', 'Sendt releaseskjema', '2026-08-22', '02f52261-32c0-429c-ae81-39b85ae426d3', 54, 'Tilbud', 'Session 9+10 mai', false, false) on conflict do nothing;
insert into projects (id, project_id, name, type, status, form_status, release_date, producer_id, price, audition, notes, tiktok_approved, spotify_sent) values ('f4216b7a-2dec-4d77-959e-6a74245bb619', 'ID 167', 'STAVANGER 2027', 'BORGHINI SNEKK', 'IKKE BEGYNT', 'Ikke sendt', '2026-08-14', 'ae6d7978-ca15-447a-927c-be9670a3d27e', 65, 'INKLUDERT', 'Session 25+26 juli', false, false) on conflict do nothing;
insert into projects (id, project_id, name, type, status, form_status, release_date, producer_id, price, audition, notes, tiktok_approved, spotify_sent) values ('94aa88c2-9578-472b-a2fe-a8042b5dbc22', 'ID 166', 'FANA 2027 (B)', 'BORGHINI SNEKK', 'IKKE BEGYNT', 'Ikke sendt', '2026-08-20', 'ae6d7978-ca15-447a-927c-be9670a3d27e', 50, 'INKLUDERT', 'Session 11+12', false, false) on conflict do nothing;
insert into projects (id, project_id, name, type, status, form_status, release_date, producer_id, price, audition, notes, tiktok_approved, spotify_sent) values ('2e502952-4025-4901-9fd2-46bb24f3b8fd', 'ID 114', 'GRIMSTAD', 'BORGHINI SNEKK', 'IKKE BEGYNT', 'Ikke sendt', '2026-08-22', 'ae6d7978-ca15-447a-927c-be9670a3d27e', 65, '', 'Session 18-19 juli', false, false) on conflict do nothing;
insert into projects (id, project_id, name, type, status, form_status, release_date, producer_id, price, audition, notes, tiktok_approved, spotify_sent) values ('b55ec3d2-8433-4cba-a7e7-c94da23bba8a', 'ID 128', 'TRONDHEIM (Selma)', 'HJEMMESNEKK', 'GODKJENT', 'Sendt releaseskjema', '2026-06-29', '09e35c3c-5dcf-4106-891c-d4fccf295079', 50, 'ØNSKER IKKE', 'Session 18-19 april', false, false) on conflict do nothing;
insert into projects (id, project_id, name, type, status, form_status, release_date, producer_id, price, audition, notes, tiktok_approved, spotify_sent) values ('e9fe4001-1742-412a-8884-dec77348a60a', 'ID 117', 'JESSHEIM 2027', '3 SNEKKERE + ARTISTLÅT', 'WIP', 'Sendt releaseskjema', '2026-09-20', '09e35c3c-5dcf-4106-891c-d4fccf295079', 135, 'Tilbud', 'Session 29 april + 6 mai', false, false) on conflict do nothing;
insert into projects (id, project_id, name, type, status, form_status, release_date, producer_id, price, audition, notes, tiktok_approved, spotify_sent) values ('4243d42e-5120-4545-b830-c21037ef6d73', 'ID 121', 'FOLLO 2027', 'HJEMMESNEKK', 'WIP', 'Sendt releaseskjema', '2026-09-17', '7cca1937-9141-4fc3-abca-ecae52fd6908', 50, '2000,- DA', 'Session 7+10 mai', false, false) on conflict do nothing;
insert into projects (id, project_id, name, type, status, form_status, release_date, producer_id, price, audition, notes, tiktok_approved, spotify_sent) values ('af167f80-d149-43e7-8619-40589126af38', 'ID 112', 'DRAMMENSJENTENE 2027', 'HJEMMESNEKK', 'WIP', 'Sendt releaseskjema', '2026-09-01', '61534d2d-85cf-404f-b570-7c180cc862ab', 40, 'Tilbud', 'Påminnelse 17 juni', false, false) on conflict do nothing;
insert into projects (id, project_id, name, type, status, form_status, release_date, producer_id, price, audition, notes, tiktok_approved, spotify_sent) values ('f5536840-40cb-4b90-9264-51ca6e780f2b', 'ID 151', 'OPPEGÅRD', 'HJEMMESNEKK', 'WIP', 'Sendt releaseskjema', '2026-09-01', '09e35c3c-5dcf-4106-891c-d4fccf295079', 55, 'GRATIS', 'Session 27+28 mai', false, false) on conflict do nothing;
insert into projects (id, project_id, name, type, status, form_status, release_date, producer_id, price, audition, notes, tiktok_approved, spotify_sent) values ('7f9f9576-4d99-4caa-a11f-2f6dcc8b4793', 'ID 132', 'SKEDSMO', 'HJEMMESNEKK', 'FORBEREDELSE', 'Ikke sendt', '2026-09-01', '02f52261-32c0-429c-ae81-39b85ae426d3', 50, '2000 DIGITAL AUDITION', 'Session 6+7 juni', false, false) on conflict do nothing;
insert into projects (id, project_id, name, type, status, form_status, release_date, producer_id, price, audition, notes, tiktok_approved, spotify_sent) values ('a4198f7b-523a-4e38-b7e3-959aefe644b1', 'ID 149', 'SANDVIKA 2027', 'HJEMMESNEKK', 'FORBEREDELSE', 'Sendt forberedelse', '2026-09-01', '09e35c3c-5dcf-4106-891c-d4fccf295079', 55, '', 'Session 24+25 juni, Julia / Selma', false, false) on conflict do nothing;
insert into projects (id, project_id, name, type, status, form_status, release_date, producer_id, price, audition, notes, tiktok_approved, spotify_sent) values ('1dd37217-362f-4c61-bd73-7e46dee59e90', 'ID 116', 'LØRENSKOG 2027', 'HJEMMESNEKK', 'GODKJENT', 'Sendt releaseskjema', '2026-09-01', 'ae6d7978-ca15-447a-927c-be9670a3d27e', 44, 'INKLUDERT', 'Session 24 mars', false, false) on conflict do nothing;
insert into projects (id, project_id, name, type, status, form_status, release_date, producer_id, price, audition, notes, tiktok_approved, spotify_sent) values ('fab2f932-ebb2-47fb-a22a-51c3dd077c98', 'ID 129', 'DRAMMENSJENTENE 2027 (B)', 'BORGHINI SNEKK', 'IKKE BEGYNT', 'Ikke sendt', '2026-09-25', 'ae6d7978-ca15-447a-927c-be9670a3d27e', 65, '5000,- AVBRYTELSE', 'Avbrytelse', false, false) on conflict do nothing;

-- === MILESTONES ===
insert into milestones (id, project_id, title, due_date, completed, category, sort_order) values ('ce73535a-3d97-44eb-9d97-7fc713cae622', '7dd5f400-247c-40e0-80ce-365fad17605b', 'Utkast sendt (runde 1)', '2026-05-16', false, 'utkast', 1) on conflict do nothing;
insert into milestones (id, project_id, title, due_date, completed, category, sort_order) values ('628009b7-7cfe-47f9-a2fb-6b03fefe4b9b', '7dd5f400-247c-40e0-80ce-365fad17605b', 'Revisjon 1', '2026-05-23', false, 'revisjon', 2) on conflict do nothing;
insert into milestones (id, project_id, title, due_date, completed, category, sort_order) values ('e355e7e1-72c1-4c71-b74d-aa5c404d30db', '7dd5f400-247c-40e0-80ce-365fad17605b', 'Revisjon 2', '2026-05-30', false, 'revisjon', 3) on conflict do nothing;
insert into milestones (id, project_id, title, due_date, completed, category, sort_order) values ('cf18359f-ea8e-4f1b-b023-b334394e16e3', '7dd5f400-247c-40e0-80ce-365fad17605b', 'TikTok-lyd godkjent', '2026-05-30', false, 'tiktok', 4) on conflict do nothing;
insert into milestones (id, project_id, title, due_date, completed, category, sort_order) values ('0e669299-4fd6-4cb1-afdc-ed985c2ffef3', '7dd5f400-247c-40e0-80ce-365fad17605b', 'Låta ferdig (mastering)', '2026-06-06', false, 'mastering', 5) on conflict do nothing;
insert into milestones (id, project_id, title, due_date, completed, category, sort_order) values ('e0d8e3ab-f4ed-4391-b279-5ab8f4b4af3c', '7dd5f400-247c-40e0-80ce-365fad17605b', 'Promo starter (TikTok)', '2026-05-30', false, 'promo', 6) on conflict do nothing;
insert into milestones (id, project_id, title, due_date, completed, category, sort_order) values ('b8900494-391c-46a9-8dd7-82cd05660675', '7dd5f400-247c-40e0-80ce-365fad17605b', 'Slipp!', '2026-06-27', false, 'release', 7) on conflict do nothing;
insert into milestones (id, project_id, title, due_date, completed, category, sort_order) values ('75727044-46b4-49cc-b4cc-68cdb4c8f6ee', '2670926c-4377-496e-a498-ae7d070006b3', 'Utkast sendt (runde 1)', '2026-07-03', false, 'utkast', 1) on conflict do nothing;
insert into milestones (id, project_id, title, due_date, completed, category, sort_order) values ('7fc4702d-3ded-42d9-bab4-f5aa79d56bb7', '2670926c-4377-496e-a498-ae7d070006b3', 'Revisjon 1', '2026-07-10', false, 'revisjon', 2) on conflict do nothing;
insert into milestones (id, project_id, title, due_date, completed, category, sort_order) values ('d75a9d3b-aa40-420e-a031-9699d233f683', '2670926c-4377-496e-a498-ae7d070006b3', 'Revisjon 2', '2026-07-17', false, 'revisjon', 3) on conflict do nothing;
insert into milestones (id, project_id, title, due_date, completed, category, sort_order) values ('3d8ba29e-449c-40dd-adef-13e07ac4cd5b', '2670926c-4377-496e-a498-ae7d070006b3', 'TikTok-lyd godkjent', '2026-07-17', false, 'tiktok', 4) on conflict do nothing;
insert into milestones (id, project_id, title, due_date, completed, category, sort_order) values ('3a418684-39be-4369-a744-111be381d325', '2670926c-4377-496e-a498-ae7d070006b3', 'Låta ferdig (mastering)', '2026-07-24', false, 'mastering', 5) on conflict do nothing;
insert into milestones (id, project_id, title, due_date, completed, category, sort_order) values ('ed250e4b-775a-44db-9589-c15521ba5de6', '2670926c-4377-496e-a498-ae7d070006b3', 'Promo starter (TikTok)', '2026-07-17', false, 'promo', 6) on conflict do nothing;
insert into milestones (id, project_id, title, due_date, completed, category, sort_order) values ('f1651259-86df-4c75-999d-840fd82ffef0', '2670926c-4377-496e-a498-ae7d070006b3', 'Slipp!', '2026-08-14', false, 'release', 7) on conflict do nothing;
insert into milestones (id, project_id, title, due_date, completed, category, sort_order) values ('766d7ab5-153d-4fc0-a6a5-1c6507859463', 'e955a3ba-1d11-4405-8649-5295523d9a04', 'Utkast sendt (runde 1)', '2026-05-26', false, 'utkast', 1) on conflict do nothing;
insert into milestones (id, project_id, title, due_date, completed, category, sort_order) values ('488bb632-c52a-4a79-9679-7c89e63e4179', 'e955a3ba-1d11-4405-8649-5295523d9a04', 'Revisjon 1', '2026-06-02', false, 'revisjon', 2) on conflict do nothing;
insert into milestones (id, project_id, title, due_date, completed, category, sort_order) values ('ea809a9e-dcad-4b6b-89c2-7209cd61fcad', 'e955a3ba-1d11-4405-8649-5295523d9a04', 'Revisjon 2', '2026-06-09', false, 'revisjon', 3) on conflict do nothing;
insert into milestones (id, project_id, title, due_date, completed, category, sort_order) values ('6c41cca0-a988-4321-95a3-b8fe8e6052e2', 'e955a3ba-1d11-4405-8649-5295523d9a04', 'TikTok-lyd godkjent', '2026-06-09', false, 'tiktok', 4) on conflict do nothing;
insert into milestones (id, project_id, title, due_date, completed, category, sort_order) values ('7e49e477-8324-4b03-9674-35e574bdf1f1', 'e955a3ba-1d11-4405-8649-5295523d9a04', 'Låta ferdig (mastering)', '2026-06-16', false, 'mastering', 5) on conflict do nothing;
insert into milestones (id, project_id, title, due_date, completed, category, sort_order) values ('c51f21b5-a64c-4820-9dd0-a043b9284dda', 'e955a3ba-1d11-4405-8649-5295523d9a04', 'Promo starter (TikTok)', '2026-06-09', false, 'promo', 6) on conflict do nothing;
insert into milestones (id, project_id, title, due_date, completed, category, sort_order) values ('f7b0c02f-759b-4b49-a3e4-21c4c9ae8144', 'e955a3ba-1d11-4405-8649-5295523d9a04', 'Slipp!', '2026-07-07', false, 'release', 7) on conflict do nothing;
insert into milestones (id, project_id, title, due_date, completed, category, sort_order) values ('1b78df39-b10d-44c8-bd0e-a7f1a185b60c', '1d9c6502-41c2-4e6a-9deb-542ed313219d', 'Utkast sendt (runde 1)', '2026-05-26', false, 'utkast', 1) on conflict do nothing;
insert into milestones (id, project_id, title, due_date, completed, category, sort_order) values ('ee698d29-5c00-4c3c-9d05-427219565fbe', '1d9c6502-41c2-4e6a-9deb-542ed313219d', 'Revisjon 1', '2026-06-02', false, 'revisjon', 2) on conflict do nothing;
insert into milestones (id, project_id, title, due_date, completed, category, sort_order) values ('7a15b3bd-5b7d-49f9-9772-6b1bbc68dbd9', '1d9c6502-41c2-4e6a-9deb-542ed313219d', 'Revisjon 2', '2026-06-09', false, 'revisjon', 3) on conflict do nothing;
insert into milestones (id, project_id, title, due_date, completed, category, sort_order) values ('f26ba2bc-22d1-4dbb-989f-349cd7c9268a', '1d9c6502-41c2-4e6a-9deb-542ed313219d', 'TikTok-lyd godkjent', '2026-06-09', false, 'tiktok', 4) on conflict do nothing;
insert into milestones (id, project_id, title, due_date, completed, category, sort_order) values ('342b86eb-a7a4-456d-983a-2282d640f6d5', '1d9c6502-41c2-4e6a-9deb-542ed313219d', 'Låta ferdig (mastering)', '2026-06-16', false, 'mastering', 5) on conflict do nothing;
insert into milestones (id, project_id, title, due_date, completed, category, sort_order) values ('665ae551-ffcb-4749-922d-119e773a9d34', '1d9c6502-41c2-4e6a-9deb-542ed313219d', 'Promo starter (TikTok)', '2026-06-09', false, 'promo', 6) on conflict do nothing;
insert into milestones (id, project_id, title, due_date, completed, category, sort_order) values ('052ac7a0-4d7b-4282-bef9-cd72ba14e1d0', '1d9c6502-41c2-4e6a-9deb-542ed313219d', 'Slipp!', '2026-07-07', false, 'release', 7) on conflict do nothing;
insert into milestones (id, project_id, title, due_date, completed, category, sort_order) values ('306cecab-b588-4c57-9048-57ad449af166', 'c8dff6b2-0b98-440e-b65e-4b97da4d903d', 'Utkast sendt (runde 1)', '2026-06-19', false, 'utkast', 1) on conflict do nothing;
insert into milestones (id, project_id, title, due_date, completed, category, sort_order) values ('8de675ac-3c82-4434-a2cb-86c75a1aefef', 'c8dff6b2-0b98-440e-b65e-4b97da4d903d', 'Revisjon 1', '2026-06-26', false, 'revisjon', 2) on conflict do nothing;
insert into milestones (id, project_id, title, due_date, completed, category, sort_order) values ('9c01daf2-3ef2-483f-9a28-6bfe64f64536', 'c8dff6b2-0b98-440e-b65e-4b97da4d903d', 'Revisjon 2', '2026-07-03', false, 'revisjon', 3) on conflict do nothing;
insert into milestones (id, project_id, title, due_date, completed, category, sort_order) values ('7e7fe393-0a2b-42cc-956d-ed50380222c4', 'c8dff6b2-0b98-440e-b65e-4b97da4d903d', 'TikTok-lyd godkjent', '2026-07-03', false, 'tiktok', 4) on conflict do nothing;
insert into milestones (id, project_id, title, due_date, completed, category, sort_order) values ('dce0f68d-3b39-4499-b720-baab1ebbd329', 'c8dff6b2-0b98-440e-b65e-4b97da4d903d', 'Låta ferdig (mastering)', '2026-07-10', false, 'mastering', 5) on conflict do nothing;
insert into milestones (id, project_id, title, due_date, completed, category, sort_order) values ('826fbc44-0225-4657-a100-838ee152ba04', 'c8dff6b2-0b98-440e-b65e-4b97da4d903d', 'Promo starter (TikTok)', '2026-07-03', false, 'promo', 6) on conflict do nothing;
insert into milestones (id, project_id, title, due_date, completed, category, sort_order) values ('219d61bb-d49a-4c31-bc23-a0f66c0d3c3d', 'c8dff6b2-0b98-440e-b65e-4b97da4d903d', 'Slipp!', '2026-07-31', false, 'release', 7) on conflict do nothing;
insert into milestones (id, project_id, title, due_date, completed, category, sort_order) values ('193c57f8-8904-41fb-a26b-befda00e5d16', 'a0be1056-9bd7-4ac5-98c8-46f38b40f935', 'Utkast sendt (runde 1)', '2026-07-03', false, 'utkast', 1) on conflict do nothing;
insert into milestones (id, project_id, title, due_date, completed, category, sort_order) values ('4b39b786-d82b-46ff-8940-f3131a3f32d4', 'a0be1056-9bd7-4ac5-98c8-46f38b40f935', 'Revisjon 1', '2026-07-10', false, 'revisjon', 2) on conflict do nothing;
insert into milestones (id, project_id, title, due_date, completed, category, sort_order) values ('0e6a5220-9280-4dbe-acba-6c058f0ec514', 'a0be1056-9bd7-4ac5-98c8-46f38b40f935', 'Revisjon 2', '2026-07-17', false, 'revisjon', 3) on conflict do nothing;
insert into milestones (id, project_id, title, due_date, completed, category, sort_order) values ('ed6d4fba-e2a5-4b69-a294-41f46a479be7', 'a0be1056-9bd7-4ac5-98c8-46f38b40f935', 'TikTok-lyd godkjent', '2026-07-17', false, 'tiktok', 4) on conflict do nothing;
insert into milestones (id, project_id, title, due_date, completed, category, sort_order) values ('9aba54cb-e586-4b79-8616-a6451c990b01', 'a0be1056-9bd7-4ac5-98c8-46f38b40f935', 'Låta ferdig (mastering)', '2026-07-24', false, 'mastering', 5) on conflict do nothing;
insert into milestones (id, project_id, title, due_date, completed, category, sort_order) values ('d63b20b0-ed72-449c-a048-b0129950b817', 'a0be1056-9bd7-4ac5-98c8-46f38b40f935', 'Promo starter (TikTok)', '2026-07-17', false, 'promo', 6) on conflict do nothing;
insert into milestones (id, project_id, title, due_date, completed, category, sort_order) values ('52807d6c-fbb1-46b9-bebc-8dbdda66b11f', 'a0be1056-9bd7-4ac5-98c8-46f38b40f935', 'Slipp!', '2026-08-14', false, 'release', 7) on conflict do nothing;
insert into milestones (id, project_id, title, due_date, completed, category, sort_order) values ('7da7d819-22ac-43f7-89dc-7526482b3257', '3fc82423-75be-4f6f-a2dc-40370f6ca548', 'Utkast sendt (runde 1)', '2026-07-03', false, 'utkast', 1) on conflict do nothing;
insert into milestones (id, project_id, title, due_date, completed, category, sort_order) values ('5860bb09-82b6-4740-8261-b706ed434368', '3fc82423-75be-4f6f-a2dc-40370f6ca548', 'Revisjon 1', '2026-07-10', false, 'revisjon', 2) on conflict do nothing;
insert into milestones (id, project_id, title, due_date, completed, category, sort_order) values ('0dde983d-56ff-4c46-b27c-12dfc4c233d9', '3fc82423-75be-4f6f-a2dc-40370f6ca548', 'Revisjon 2', '2026-07-17', false, 'revisjon', 3) on conflict do nothing;
insert into milestones (id, project_id, title, due_date, completed, category, sort_order) values ('4098d646-65ee-446e-927d-8726a49f6e45', '3fc82423-75be-4f6f-a2dc-40370f6ca548', 'TikTok-lyd godkjent', '2026-07-17', false, 'tiktok', 4) on conflict do nothing;
insert into milestones (id, project_id, title, due_date, completed, category, sort_order) values ('16783872-dbc4-4d85-baf5-6518a2f43613', '3fc82423-75be-4f6f-a2dc-40370f6ca548', 'Låta ferdig (mastering)', '2026-07-24', false, 'mastering', 5) on conflict do nothing;
insert into milestones (id, project_id, title, due_date, completed, category, sort_order) values ('a24e81ab-af7f-4897-b8d0-42bf9fffe398', '3fc82423-75be-4f6f-a2dc-40370f6ca548', 'Promo starter (TikTok)', '2026-07-17', false, 'promo', 6) on conflict do nothing;
insert into milestones (id, project_id, title, due_date, completed, category, sort_order) values ('047311cb-c6a5-48c7-a4d1-c197e1ccaa10', '3fc82423-75be-4f6f-a2dc-40370f6ca548', 'Slipp!', '2026-08-14', false, 'release', 7) on conflict do nothing;
insert into milestones (id, project_id, title, due_date, completed, category, sort_order) values ('8cfa1616-a6a5-4506-899f-ed71843eae30', 'c6782913-df23-4ef7-8796-52dc5b858df9', 'Utkast sendt (runde 1)', '2026-07-04', false, 'utkast', 1) on conflict do nothing;
insert into milestones (id, project_id, title, due_date, completed, category, sort_order) values ('5e6e9e76-d26d-487a-b464-3db268273fdb', 'c6782913-df23-4ef7-8796-52dc5b858df9', 'Revisjon 1', '2026-07-11', false, 'revisjon', 2) on conflict do nothing;
insert into milestones (id, project_id, title, due_date, completed, category, sort_order) values ('b4a58fb4-9818-4d88-a54d-78e99bde9a3b', 'c6782913-df23-4ef7-8796-52dc5b858df9', 'Revisjon 2', '2026-07-18', false, 'revisjon', 3) on conflict do nothing;
insert into milestones (id, project_id, title, due_date, completed, category, sort_order) values ('ca156424-403a-4c76-bd96-f527c52f2afb', 'c6782913-df23-4ef7-8796-52dc5b858df9', 'TikTok-lyd godkjent', '2026-07-18', false, 'tiktok', 4) on conflict do nothing;
insert into milestones (id, project_id, title, due_date, completed, category, sort_order) values ('180c1921-6042-48d4-832b-0003984c7e81', 'c6782913-df23-4ef7-8796-52dc5b858df9', 'Låta ferdig (mastering)', '2026-07-25', false, 'mastering', 5) on conflict do nothing;
insert into milestones (id, project_id, title, due_date, completed, category, sort_order) values ('a95a1fa3-cd23-4d83-a9fa-50188a4e267a', 'c6782913-df23-4ef7-8796-52dc5b858df9', 'Promo starter (TikTok)', '2026-07-18', false, 'promo', 6) on conflict do nothing;
insert into milestones (id, project_id, title, due_date, completed, category, sort_order) values ('64d01e3e-6584-43b9-8b18-a8daf729bcf6', 'c6782913-df23-4ef7-8796-52dc5b858df9', 'Slipp!', '2026-08-15', false, 'release', 7) on conflict do nothing;
insert into milestones (id, project_id, title, due_date, completed, category, sort_order) values ('13c02c22-ae58-4cb2-bb33-a9faf6f4689e', '437195d6-06b4-4928-a242-822e8c436093', 'Utkast sendt (runde 1)', '2026-07-11', false, 'utkast', 1) on conflict do nothing;
insert into milestones (id, project_id, title, due_date, completed, category, sort_order) values ('2d6e9b5b-9460-4ce8-abad-53e304eec946', '437195d6-06b4-4928-a242-822e8c436093', 'Revisjon 1', '2026-07-18', false, 'revisjon', 2) on conflict do nothing;
insert into milestones (id, project_id, title, due_date, completed, category, sort_order) values ('70af829e-f9ea-4e47-8712-95b4ee05acd1', '437195d6-06b4-4928-a242-822e8c436093', 'Revisjon 2', '2026-07-25', false, 'revisjon', 3) on conflict do nothing;
insert into milestones (id, project_id, title, due_date, completed, category, sort_order) values ('9ec16e5c-8847-4af5-bd89-08cb8bbfee27', '437195d6-06b4-4928-a242-822e8c436093', 'TikTok-lyd godkjent', '2026-07-25', false, 'tiktok', 4) on conflict do nothing;
insert into milestones (id, project_id, title, due_date, completed, category, sort_order) values ('529d3907-3d41-4764-8420-f1896ae517ab', '437195d6-06b4-4928-a242-822e8c436093', 'Låta ferdig (mastering)', '2026-08-01', false, 'mastering', 5) on conflict do nothing;
insert into milestones (id, project_id, title, due_date, completed, category, sort_order) values ('50ba910e-c022-4b96-9cfe-6d901e16d433', '437195d6-06b4-4928-a242-822e8c436093', 'Promo starter (TikTok)', '2026-07-25', false, 'promo', 6) on conflict do nothing;
insert into milestones (id, project_id, title, due_date, completed, category, sort_order) values ('050b887c-68c6-4758-8d41-079c0930600f', '437195d6-06b4-4928-a242-822e8c436093', 'Slipp!', '2026-08-22', false, 'release', 7) on conflict do nothing;
insert into milestones (id, project_id, title, due_date, completed, category, sort_order) values ('4d157dbc-79cc-4d29-939b-7f363859a071', 'f4216b7a-2dec-4d77-959e-6a74245bb619', 'Utkast sendt (runde 1)', '2026-07-03', false, 'utkast', 1) on conflict do nothing;
insert into milestones (id, project_id, title, due_date, completed, category, sort_order) values ('e6fa496b-8566-4317-8013-7a7656c0734c', 'f4216b7a-2dec-4d77-959e-6a74245bb619', 'Revisjon 1', '2026-07-10', false, 'revisjon', 2) on conflict do nothing;
insert into milestones (id, project_id, title, due_date, completed, category, sort_order) values ('ed597216-a91a-48e1-a5fa-9cff9abfca82', 'f4216b7a-2dec-4d77-959e-6a74245bb619', 'Revisjon 2', '2026-07-17', false, 'revisjon', 3) on conflict do nothing;
insert into milestones (id, project_id, title, due_date, completed, category, sort_order) values ('8cfc9fee-f84c-4a9d-8414-22b8317a086e', 'f4216b7a-2dec-4d77-959e-6a74245bb619', 'TikTok-lyd godkjent', '2026-07-17', false, 'tiktok', 4) on conflict do nothing;
insert into milestones (id, project_id, title, due_date, completed, category, sort_order) values ('94788a53-cc03-4d12-bdad-3c1e426a8d1e', 'f4216b7a-2dec-4d77-959e-6a74245bb619', 'Låta ferdig (mastering)', '2026-07-24', false, 'mastering', 5) on conflict do nothing;
insert into milestones (id, project_id, title, due_date, completed, category, sort_order) values ('f79158cb-eaea-4703-9cea-dccbaf31ab23', 'f4216b7a-2dec-4d77-959e-6a74245bb619', 'Promo starter (TikTok)', '2026-07-17', false, 'promo', 6) on conflict do nothing;
insert into milestones (id, project_id, title, due_date, completed, category, sort_order) values ('a1170b76-91be-4e00-a989-a8156d9cfd8f', 'f4216b7a-2dec-4d77-959e-6a74245bb619', 'Slipp!', '2026-08-14', false, 'release', 7) on conflict do nothing;
insert into milestones (id, project_id, title, due_date, completed, category, sort_order) values ('a2d08a98-a81a-45ec-892e-7cb52f5f3793', '94aa88c2-9578-472b-a2fe-a8042b5dbc22', 'Utkast sendt (runde 1)', '2026-07-09', false, 'utkast', 1) on conflict do nothing;
insert into milestones (id, project_id, title, due_date, completed, category, sort_order) values ('4e8330fa-1a6d-4a14-bed2-87a1809fe45e', '94aa88c2-9578-472b-a2fe-a8042b5dbc22', 'Revisjon 1', '2026-07-16', false, 'revisjon', 2) on conflict do nothing;
insert into milestones (id, project_id, title, due_date, completed, category, sort_order) values ('f3cec087-3a79-4254-8a89-df8dc66ce3ed', '94aa88c2-9578-472b-a2fe-a8042b5dbc22', 'Revisjon 2', '2026-07-23', false, 'revisjon', 3) on conflict do nothing;
insert into milestones (id, project_id, title, due_date, completed, category, sort_order) values ('cd75cc30-2848-4061-88e4-68a1ffda0fc7', '94aa88c2-9578-472b-a2fe-a8042b5dbc22', 'TikTok-lyd godkjent', '2026-07-23', false, 'tiktok', 4) on conflict do nothing;
insert into milestones (id, project_id, title, due_date, completed, category, sort_order) values ('d5f43820-702b-428c-9ea0-74ca002543b0', '94aa88c2-9578-472b-a2fe-a8042b5dbc22', 'Låta ferdig (mastering)', '2026-07-30', false, 'mastering', 5) on conflict do nothing;
insert into milestones (id, project_id, title, due_date, completed, category, sort_order) values ('65c487d7-b72d-46f9-af17-aec07e3d2903', '94aa88c2-9578-472b-a2fe-a8042b5dbc22', 'Promo starter (TikTok)', '2026-07-23', false, 'promo', 6) on conflict do nothing;
insert into milestones (id, project_id, title, due_date, completed, category, sort_order) values ('d680ac7c-71f2-40a2-9c4b-3d6c6a83595c', '94aa88c2-9578-472b-a2fe-a8042b5dbc22', 'Slipp!', '2026-08-20', false, 'release', 7) on conflict do nothing;
insert into milestones (id, project_id, title, due_date, completed, category, sort_order) values ('04b20328-a231-497b-a7ca-6035d121d5c6', '2e502952-4025-4901-9fd2-46bb24f3b8fd', 'Utkast sendt (runde 1)', '2026-07-11', false, 'utkast', 1) on conflict do nothing;
insert into milestones (id, project_id, title, due_date, completed, category, sort_order) values ('1b9b6621-7cd6-4f44-a11f-693084558cf7', '2e502952-4025-4901-9fd2-46bb24f3b8fd', 'Revisjon 1', '2026-07-18', false, 'revisjon', 2) on conflict do nothing;
insert into milestones (id, project_id, title, due_date, completed, category, sort_order) values ('5a103f07-1771-4f76-8f94-0270c047f2c6', '2e502952-4025-4901-9fd2-46bb24f3b8fd', 'Revisjon 2', '2026-07-25', false, 'revisjon', 3) on conflict do nothing;
insert into milestones (id, project_id, title, due_date, completed, category, sort_order) values ('16e59f3e-4394-4187-b57f-82031f13163c', '2e502952-4025-4901-9fd2-46bb24f3b8fd', 'TikTok-lyd godkjent', '2026-07-25', false, 'tiktok', 4) on conflict do nothing;
insert into milestones (id, project_id, title, due_date, completed, category, sort_order) values ('6af975fe-2690-441b-9174-144ad9c2d77b', '2e502952-4025-4901-9fd2-46bb24f3b8fd', 'Låta ferdig (mastering)', '2026-08-01', false, 'mastering', 5) on conflict do nothing;
insert into milestones (id, project_id, title, due_date, completed, category, sort_order) values ('1b854a8e-8492-4d0d-aa48-693b29e32e85', '2e502952-4025-4901-9fd2-46bb24f3b8fd', 'Promo starter (TikTok)', '2026-07-25', false, 'promo', 6) on conflict do nothing;
insert into milestones (id, project_id, title, due_date, completed, category, sort_order) values ('fa0aeec8-7f1b-4b3a-8a64-8b9b9578a217', '2e502952-4025-4901-9fd2-46bb24f3b8fd', 'Slipp!', '2026-08-22', false, 'release', 7) on conflict do nothing;
insert into milestones (id, project_id, title, due_date, completed, category, sort_order) values ('567f980d-218a-42f1-b0b4-99006eb13ea5', 'b55ec3d2-8433-4cba-a7e7-c94da23bba8a', 'Utkast sendt (runde 1)', '2026-05-18', false, 'utkast', 1) on conflict do nothing;
insert into milestones (id, project_id, title, due_date, completed, category, sort_order) values ('29fabcab-33b6-492e-9378-11c71bc1f3cd', 'b55ec3d2-8433-4cba-a7e7-c94da23bba8a', 'Revisjon 1', '2026-05-25', false, 'revisjon', 2) on conflict do nothing;
insert into milestones (id, project_id, title, due_date, completed, category, sort_order) values ('adbe25bf-5958-438d-916e-93a8c1f9106e', 'b55ec3d2-8433-4cba-a7e7-c94da23bba8a', 'Revisjon 2', '2026-06-01', false, 'revisjon', 3) on conflict do nothing;
insert into milestones (id, project_id, title, due_date, completed, category, sort_order) values ('f540e481-7d14-4dc1-96fe-a85a9bce2c72', 'b55ec3d2-8433-4cba-a7e7-c94da23bba8a', 'TikTok-lyd godkjent', '2026-06-01', false, 'tiktok', 4) on conflict do nothing;
insert into milestones (id, project_id, title, due_date, completed, category, sort_order) values ('803e3fdd-fb49-4c68-8894-64b81e706e5b', 'b55ec3d2-8433-4cba-a7e7-c94da23bba8a', 'Låta ferdig (mastering)', '2026-06-08', false, 'mastering', 5) on conflict do nothing;
insert into milestones (id, project_id, title, due_date, completed, category, sort_order) values ('700905ed-22a0-4f86-94c2-e304f7009f20', 'b55ec3d2-8433-4cba-a7e7-c94da23bba8a', 'Promo starter (TikTok)', '2026-06-01', false, 'promo', 6) on conflict do nothing;
insert into milestones (id, project_id, title, due_date, completed, category, sort_order) values ('e79688f2-663b-4020-83d2-055c7d8b04c4', 'b55ec3d2-8433-4cba-a7e7-c94da23bba8a', 'Slipp!', '2026-06-29', false, 'release', 7) on conflict do nothing;
insert into milestones (id, project_id, title, due_date, completed, category, sort_order) values ('204f0d70-2b9d-477b-b776-cbbcb782c0bf', 'e9fe4001-1742-412a-8884-dec77348a60a', 'Utkast sendt (runde 1)', '2026-08-09', false, 'utkast', 1) on conflict do nothing;
insert into milestones (id, project_id, title, due_date, completed, category, sort_order) values ('bda7688a-fff2-47b7-8f6d-6027a1a3d2ce', 'e9fe4001-1742-412a-8884-dec77348a60a', 'Revisjon 1', '2026-08-16', false, 'revisjon', 2) on conflict do nothing;
insert into milestones (id, project_id, title, due_date, completed, category, sort_order) values ('9d4fb8ee-1efe-481f-82e5-cc8ac9d94dfe', 'e9fe4001-1742-412a-8884-dec77348a60a', 'Revisjon 2', '2026-08-23', false, 'revisjon', 3) on conflict do nothing;
insert into milestones (id, project_id, title, due_date, completed, category, sort_order) values ('32bf88f1-3803-45c4-90ce-aee0bde21f39', 'e9fe4001-1742-412a-8884-dec77348a60a', 'TikTok-lyd godkjent', '2026-08-23', false, 'tiktok', 4) on conflict do nothing;
insert into milestones (id, project_id, title, due_date, completed, category, sort_order) values ('d6f9dce7-2a1f-475d-94aa-727c1b574799', 'e9fe4001-1742-412a-8884-dec77348a60a', 'Låta ferdig (mastering)', '2026-08-30', false, 'mastering', 5) on conflict do nothing;
insert into milestones (id, project_id, title, due_date, completed, category, sort_order) values ('fb5809cd-f4ae-42c3-9d7f-7843bdc6d995', 'e9fe4001-1742-412a-8884-dec77348a60a', 'Promo starter (TikTok)', '2026-08-23', false, 'promo', 6) on conflict do nothing;
insert into milestones (id, project_id, title, due_date, completed, category, sort_order) values ('c367329a-c129-4a20-9f34-cefe2ea6f90b', 'e9fe4001-1742-412a-8884-dec77348a60a', 'Slipp!', '2026-09-20', false, 'release', 7) on conflict do nothing;
insert into milestones (id, project_id, title, due_date, completed, category, sort_order) values ('df4f9807-135a-4c73-a42b-da61862e263c', '4243d42e-5120-4545-b830-c21037ef6d73', 'Utkast sendt (runde 1)', '2026-08-06', false, 'utkast', 1) on conflict do nothing;
insert into milestones (id, project_id, title, due_date, completed, category, sort_order) values ('700ed2d7-2610-4b1d-970d-dd63f5e6c3db', '4243d42e-5120-4545-b830-c21037ef6d73', 'Revisjon 1', '2026-08-13', false, 'revisjon', 2) on conflict do nothing;
insert into milestones (id, project_id, title, due_date, completed, category, sort_order) values ('ee036e5b-b6b5-40f3-9ea3-ed2fdcbc124d', '4243d42e-5120-4545-b830-c21037ef6d73', 'Revisjon 2', '2026-08-20', false, 'revisjon', 3) on conflict do nothing;
insert into milestones (id, project_id, title, due_date, completed, category, sort_order) values ('8df074de-2bad-4f5d-a3cf-f9bdcf28c919', '4243d42e-5120-4545-b830-c21037ef6d73', 'TikTok-lyd godkjent', '2026-08-20', false, 'tiktok', 4) on conflict do nothing;
insert into milestones (id, project_id, title, due_date, completed, category, sort_order) values ('0d3f48a8-4760-454c-8896-cf46256ff7a5', '4243d42e-5120-4545-b830-c21037ef6d73', 'Låta ferdig (mastering)', '2026-08-27', false, 'mastering', 5) on conflict do nothing;
insert into milestones (id, project_id, title, due_date, completed, category, sort_order) values ('ae9d6592-56e7-479c-b5b3-6187aa25c6bd', '4243d42e-5120-4545-b830-c21037ef6d73', 'Promo starter (TikTok)', '2026-08-20', false, 'promo', 6) on conflict do nothing;
insert into milestones (id, project_id, title, due_date, completed, category, sort_order) values ('679b854b-9d88-47ee-95d5-eeb656aa2788', '4243d42e-5120-4545-b830-c21037ef6d73', 'Slipp!', '2026-09-17', false, 'release', 7) on conflict do nothing;
insert into milestones (id, project_id, title, due_date, completed, category, sort_order) values ('4d8f18f8-0674-4a44-8725-faee91e9c4b4', 'af167f80-d149-43e7-8619-40589126af38', 'Utkast sendt (runde 1)', '2026-07-21', false, 'utkast', 1) on conflict do nothing;
insert into milestones (id, project_id, title, due_date, completed, category, sort_order) values ('eaa36edb-335f-4c47-a7c5-8ddec69b7b9c', 'af167f80-d149-43e7-8619-40589126af38', 'Revisjon 1', '2026-07-28', false, 'revisjon', 2) on conflict do nothing;
insert into milestones (id, project_id, title, due_date, completed, category, sort_order) values ('fcf29ec3-1757-4772-8cd5-46958554d5d2', 'af167f80-d149-43e7-8619-40589126af38', 'Revisjon 2', '2026-08-04', false, 'revisjon', 3) on conflict do nothing;
insert into milestones (id, project_id, title, due_date, completed, category, sort_order) values ('e37cd558-3af6-46c6-b9a5-2bd780bdb517', 'af167f80-d149-43e7-8619-40589126af38', 'TikTok-lyd godkjent', '2026-08-04', false, 'tiktok', 4) on conflict do nothing;
insert into milestones (id, project_id, title, due_date, completed, category, sort_order) values ('34787915-3830-47bf-8a94-b25850c87490', 'af167f80-d149-43e7-8619-40589126af38', 'Låta ferdig (mastering)', '2026-08-11', false, 'mastering', 5) on conflict do nothing;
insert into milestones (id, project_id, title, due_date, completed, category, sort_order) values ('04cc1c22-f312-425a-a04c-7e13df541d62', 'af167f80-d149-43e7-8619-40589126af38', 'Promo starter (TikTok)', '2026-08-04', false, 'promo', 6) on conflict do nothing;
insert into milestones (id, project_id, title, due_date, completed, category, sort_order) values ('ed5547e8-7a08-45ab-9bbb-dc16698e4702', 'af167f80-d149-43e7-8619-40589126af38', 'Slipp!', '2026-09-01', false, 'release', 7) on conflict do nothing;
insert into milestones (id, project_id, title, due_date, completed, category, sort_order) values ('ed7c6dfc-055e-44a3-affd-8fc3856ffecf', 'f5536840-40cb-4b90-9264-51ca6e780f2b', 'Utkast sendt (runde 1)', '2026-07-21', false, 'utkast', 1) on conflict do nothing;
insert into milestones (id, project_id, title, due_date, completed, category, sort_order) values ('f3ac8c28-5612-4451-809f-32165176ad7d', 'f5536840-40cb-4b90-9264-51ca6e780f2b', 'Revisjon 1', '2026-07-28', false, 'revisjon', 2) on conflict do nothing;
insert into milestones (id, project_id, title, due_date, completed, category, sort_order) values ('0b9978ed-f377-45e6-922b-b5c9c13d95b9', 'f5536840-40cb-4b90-9264-51ca6e780f2b', 'Revisjon 2', '2026-08-04', false, 'revisjon', 3) on conflict do nothing;
insert into milestones (id, project_id, title, due_date, completed, category, sort_order) values ('7088490d-8b0d-4f0e-9cf5-3f2cae43ee18', 'f5536840-40cb-4b90-9264-51ca6e780f2b', 'TikTok-lyd godkjent', '2026-08-04', false, 'tiktok', 4) on conflict do nothing;
insert into milestones (id, project_id, title, due_date, completed, category, sort_order) values ('7f715d3c-4528-4f5d-b2ee-8821d2a4f246', 'f5536840-40cb-4b90-9264-51ca6e780f2b', 'Låta ferdig (mastering)', '2026-08-11', false, 'mastering', 5) on conflict do nothing;
insert into milestones (id, project_id, title, due_date, completed, category, sort_order) values ('b4bcedb9-1d21-40cd-b0ef-a34c553b0c00', 'f5536840-40cb-4b90-9264-51ca6e780f2b', 'Promo starter (TikTok)', '2026-08-04', false, 'promo', 6) on conflict do nothing;
insert into milestones (id, project_id, title, due_date, completed, category, sort_order) values ('47e7fd32-fad3-4e9b-8ede-b4efe71083b5', 'f5536840-40cb-4b90-9264-51ca6e780f2b', 'Slipp!', '2026-09-01', false, 'release', 7) on conflict do nothing;
insert into milestones (id, project_id, title, due_date, completed, category, sort_order) values ('fe6c61de-5d01-4c2b-81eb-e0652463d0ef', '7f9f9576-4d99-4caa-a11f-2f6dcc8b4793', 'Utkast sendt (runde 1)', '2026-07-21', false, 'utkast', 1) on conflict do nothing;
insert into milestones (id, project_id, title, due_date, completed, category, sort_order) values ('70746fc6-6d1b-44e6-9071-cdd3e79984eb', '7f9f9576-4d99-4caa-a11f-2f6dcc8b4793', 'Revisjon 1', '2026-07-28', false, 'revisjon', 2) on conflict do nothing;
insert into milestones (id, project_id, title, due_date, completed, category, sort_order) values ('c850062a-a17e-4bd7-bb10-c15d5eab3c09', '7f9f9576-4d99-4caa-a11f-2f6dcc8b4793', 'Revisjon 2', '2026-08-04', false, 'revisjon', 3) on conflict do nothing;
insert into milestones (id, project_id, title, due_date, completed, category, sort_order) values ('1adad5b3-2c66-481b-8cca-be45548894a4', '7f9f9576-4d99-4caa-a11f-2f6dcc8b4793', 'TikTok-lyd godkjent', '2026-08-04', false, 'tiktok', 4) on conflict do nothing;
insert into milestones (id, project_id, title, due_date, completed, category, sort_order) values ('83c5bd35-e273-4e3c-9f7a-69ff0073a9e5', '7f9f9576-4d99-4caa-a11f-2f6dcc8b4793', 'Låta ferdig (mastering)', '2026-08-11', false, 'mastering', 5) on conflict do nothing;
insert into milestones (id, project_id, title, due_date, completed, category, sort_order) values ('f68b0b2b-c415-4e9a-a60b-da3704a6c7e2', '7f9f9576-4d99-4caa-a11f-2f6dcc8b4793', 'Promo starter (TikTok)', '2026-08-04', false, 'promo', 6) on conflict do nothing;
insert into milestones (id, project_id, title, due_date, completed, category, sort_order) values ('fdc533ef-5377-4345-ac1c-185ce4a3dd6e', '7f9f9576-4d99-4caa-a11f-2f6dcc8b4793', 'Slipp!', '2026-09-01', false, 'release', 7) on conflict do nothing;
insert into milestones (id, project_id, title, due_date, completed, category, sort_order) values ('887f0e1e-a0db-4108-a55e-be518517b2b4', 'a4198f7b-523a-4e38-b7e3-959aefe644b1', 'Utkast sendt (runde 1)', '2026-07-21', false, 'utkast', 1) on conflict do nothing;
insert into milestones (id, project_id, title, due_date, completed, category, sort_order) values ('2156deac-a6f4-4906-b355-c82e68eee3e7', 'a4198f7b-523a-4e38-b7e3-959aefe644b1', 'Revisjon 1', '2026-07-28', false, 'revisjon', 2) on conflict do nothing;
insert into milestones (id, project_id, title, due_date, completed, category, sort_order) values ('a0880230-967a-4c78-9e53-109cde22bf2b', 'a4198f7b-523a-4e38-b7e3-959aefe644b1', 'Revisjon 2', '2026-08-04', false, 'revisjon', 3) on conflict do nothing;
insert into milestones (id, project_id, title, due_date, completed, category, sort_order) values ('2c99e661-34cb-4f81-a967-8bd3aeb4b2a6', 'a4198f7b-523a-4e38-b7e3-959aefe644b1', 'TikTok-lyd godkjent', '2026-08-04', false, 'tiktok', 4) on conflict do nothing;
insert into milestones (id, project_id, title, due_date, completed, category, sort_order) values ('6eb7e251-52c3-4c47-8212-2152cb46a418', 'a4198f7b-523a-4e38-b7e3-959aefe644b1', 'Låta ferdig (mastering)', '2026-08-11', false, 'mastering', 5) on conflict do nothing;
insert into milestones (id, project_id, title, due_date, completed, category, sort_order) values ('f57f3e1c-a1ae-4c3d-8807-dc4cd77d55c7', 'a4198f7b-523a-4e38-b7e3-959aefe644b1', 'Promo starter (TikTok)', '2026-08-04', false, 'promo', 6) on conflict do nothing;
insert into milestones (id, project_id, title, due_date, completed, category, sort_order) values ('1164e359-4257-4010-a80f-fc48b1c9cf4c', 'a4198f7b-523a-4e38-b7e3-959aefe644b1', 'Slipp!', '2026-09-01', false, 'release', 7) on conflict do nothing;
insert into milestones (id, project_id, title, due_date, completed, category, sort_order) values ('e9c5f38f-fce1-44ea-bffc-2971855c72c0', '1dd37217-362f-4c61-bd73-7e46dee59e90', 'Utkast sendt (runde 1)', '2026-07-21', false, 'utkast', 1) on conflict do nothing;
insert into milestones (id, project_id, title, due_date, completed, category, sort_order) values ('cbfd7c58-7c9c-4a04-a37b-e6fbe5c0d443', '1dd37217-362f-4c61-bd73-7e46dee59e90', 'Revisjon 1', '2026-07-28', false, 'revisjon', 2) on conflict do nothing;
insert into milestones (id, project_id, title, due_date, completed, category, sort_order) values ('f80b6b5d-87c3-45df-bf79-599886df27f7', '1dd37217-362f-4c61-bd73-7e46dee59e90', 'Revisjon 2', '2026-08-04', false, 'revisjon', 3) on conflict do nothing;
insert into milestones (id, project_id, title, due_date, completed, category, sort_order) values ('7134786a-9a82-4031-8442-7004a910d6fd', '1dd37217-362f-4c61-bd73-7e46dee59e90', 'TikTok-lyd godkjent', '2026-08-04', false, 'tiktok', 4) on conflict do nothing;
insert into milestones (id, project_id, title, due_date, completed, category, sort_order) values ('1c477f3e-ce53-44d3-a450-44a832be028f', '1dd37217-362f-4c61-bd73-7e46dee59e90', 'Låta ferdig (mastering)', '2026-08-11', false, 'mastering', 5) on conflict do nothing;
insert into milestones (id, project_id, title, due_date, completed, category, sort_order) values ('656b30eb-0061-4a30-a923-ccca01b0721d', '1dd37217-362f-4c61-bd73-7e46dee59e90', 'Promo starter (TikTok)', '2026-08-04', false, 'promo', 6) on conflict do nothing;
insert into milestones (id, project_id, title, due_date, completed, category, sort_order) values ('a6b5bc99-064d-4448-b2c2-b35a562abf97', '1dd37217-362f-4c61-bd73-7e46dee59e90', 'Slipp!', '2026-09-01', false, 'release', 7) on conflict do nothing;
insert into milestones (id, project_id, title, due_date, completed, category, sort_order) values ('6f971779-146a-45a5-aaa2-aa28b1700cc4', 'fab2f932-ebb2-47fb-a22a-51c3dd077c98', 'Utkast sendt (runde 1)', '2026-08-14', false, 'utkast', 1) on conflict do nothing;
insert into milestones (id, project_id, title, due_date, completed, category, sort_order) values ('d2c30d02-06c1-49a6-a07d-927509a6e13a', 'fab2f932-ebb2-47fb-a22a-51c3dd077c98', 'Revisjon 1', '2026-08-21', false, 'revisjon', 2) on conflict do nothing;
insert into milestones (id, project_id, title, due_date, completed, category, sort_order) values ('5f07c2df-b2cd-4320-b0ab-8f9328a2a93b', 'fab2f932-ebb2-47fb-a22a-51c3dd077c98', 'Revisjon 2', '2026-08-28', false, 'revisjon', 3) on conflict do nothing;
insert into milestones (id, project_id, title, due_date, completed, category, sort_order) values ('95c2124c-f168-4c04-b060-0f1b2c968e5a', 'fab2f932-ebb2-47fb-a22a-51c3dd077c98', 'TikTok-lyd godkjent', '2026-08-28', false, 'tiktok', 4) on conflict do nothing;
insert into milestones (id, project_id, title, due_date, completed, category, sort_order) values ('f3ad2df7-c02e-4335-a838-813b880bba80', 'fab2f932-ebb2-47fb-a22a-51c3dd077c98', 'Låta ferdig (mastering)', '2026-09-04', false, 'mastering', 5) on conflict do nothing;
insert into milestones (id, project_id, title, due_date, completed, category, sort_order) values ('9933b9a0-cdc5-43ac-a8d1-c6199af051ba', 'fab2f932-ebb2-47fb-a22a-51c3dd077c98', 'Promo starter (TikTok)', '2026-08-28', false, 'promo', 6) on conflict do nothing;
insert into milestones (id, project_id, title, due_date, completed, category, sort_order) values ('9d04b33b-610e-4214-aad7-96a71119e2c4', 'fab2f932-ebb2-47fb-a22a-51c3dd077c98', 'Slipp!', '2026-09-25', false, 'release', 7) on conflict do nothing;

-- === PIPELINE ===
insert into pipeline (id, group_name, contact_person, phone, group_size, budget, status, deadline) values ('f6c53670-7e21-43bf-95f2-6ac574d5bde5', 'Oline - Asker 2027', NULL, '482 85 400', 21, NULL, 'Tilbud sendt', '2026-03-16') on conflict do nothing;
insert into pipeline (id, group_name, contact_person, phone, group_size, budget, status, deadline) values ('fee27f55-ca57-4fa9-b382-be0c1335fed7', 'JANEIRO', NULL, NULL, NULL, '35k', 'Tilbud sendt', '2026-01-27') on conflict do nothing;
insert into pipeline (id, group_name, contact_person, phone, group_size, budget, status, deadline) values ('347f77ee-63d4-4ec8-9a0a-236b29a358fc', 'NESODDEN 2027', NULL, NULL, NULL, '50k', 'Tilbud sendt', '2026-01-30') on conflict do nothing;
insert into pipeline (id, group_name, contact_person, phone, group_size, budget, status, deadline) values ('e169cf64-b698-4b57-a55a-c267c8695779', 'KR SAND / JENS', NULL, NULL, NULL, '50k', 'Tilbud sendt', '2026-02-01') on conflict do nothing;
insert into pipeline (id, group_name, contact_person, phone, group_size, budget, status, deadline) values ('656d7fe2-194c-483d-945e-478e07e2ff23', 'TRHEIM 2026 / HOLDEM', NULL, NULL, NULL, '50k', 'Tilbud sendt', '2026-02-03') on conflict do nothing;
insert into pipeline (id, group_name, contact_person, phone, group_size, budget, status, deadline) values ('249e22f3-79b8-4e56-9b13-3d78e4a11b99', 'SHAGUAR', NULL, NULL, NULL, '50k', 'Tilbud sendt', '2026-02-04') on conflict do nothing;
insert into pipeline (id, group_name, contact_person, phone, group_size, budget, status, deadline) values ('7c6f4c05-3898-4b71-b71c-670f64e8b905', 'OSLO BOYSA', 'MATS', '45428760', 11, '35k', 'Kontaktet', NULL) on conflict do nothing;
insert into pipeline (id, group_name, contact_person, phone, group_size, budget, status, deadline) values ('15c7db9c-eb45-44dc-99c6-311a75d5b1f4', 'STV', 'HERMAN', '45792250', 12, NULL, 'Kontaktet', NULL) on conflict do nothing;
insert into pipeline (id, group_name, contact_person, phone, group_size, budget, status, deadline) values ('1775320b-2661-4af2-bb10-06e1c3b9066c', 'MISSIONARY HALDEN 2027', 'ADA', '90256732', 11, NULL, 'Kontaktet', NULL) on conflict do nothing;
insert into pipeline (id, group_name, contact_person, phone, group_size, budget, status, deadline) values ('bc232c26-5ab5-487d-9abb-716fe5aa07e3', 'HAMAR 2027', NULL, '45549438', NULL, NULL, 'Kontaktet', NULL) on conflict do nothing;

-- === PREPARATION FORM (Sandvika 2027 - ID 149) ===
insert into preparation_forms (id, project_id, concept_name, concept_meaning, internal_jokes, beat_style, beat_description, text_style, text_description, rap_amount, sing_amount, rap_sing_notes, beatswitch_importance, beatswitch_description, beatswitch_optional, live_importance, tiktok_importance, tiktok_suggestion, sound_effects, originality_importance, reference_links, glossary_words, glossary_phrases, additional_ideas, final_notes)
values ('2a6d8d03-692d-4d53-be73-f1522fec36a1', 'a4198f7b-523a-4e38-b7e3-959aefe644b1',
  'Gods Plan 2027',
  'Betyr at det er guds plan (vi var sent ute men det var hele tiden en plan) + at det ikke er brukt før og det er uorginalt (høres ikke ut som alle andre) drake sang, kan dra inn i snekk',
  'alle mann på dekk/dick',
  'Party / EDM',
  'en snekk med mye energi, liv og stemning. vi ser for oss en energisk låt med litt høyere tempo og litt bass men fortsatt en feminin snekk. En snekk som er lett å lære/huske men også skiller seg litt ut.',
  'Parodi / kødd; Drømmende; Freaky',
  'vi vil at teksten skal være morsom og kødden, vi vil spille på navnet, litt allsang, repper Sandvika uten å Reppe for mye',
  'Litt rap',
  'Veldig mye synging',
  'mest synging men gjerne et helt vers med rap',
  4,
  'at den går fra å være veldig party vibe til litt sånn sexy og mystisk vibe. en partylåt med litt tempo så en litt rolig del.',
  true,
  5,
  6,
  'liker den delen i hi og den i Bundesliga',
  'lasso whip, moaning, heavenly lyder, gunshots',
  4,
  'Childs play hjemmesnekk, hundre hjemmesnekk og hi hjemmesnekk',
  'Bitches, damer, Gudinne, GP, sandvika, noahs ark, skuta, dåp, de 10 bud, skjebnen, synder, karma, Bunda, bomboclat',
  'Skuta er noahs ark, en GP med gud, backer du en GP nå, damene er gudinner, vi helbreder, brød og VIN, gud sa LA DET BLI LYS, gods plan gjør deg religiøs, vi er en religion, AMEN på slutten av snekken',
  'Gud, Slenge dritt om karisma',
  'Føler det er enklere å komme med ulike gloser/setninger når vi kommer igang med snekken og får litt innspill og ideer fra Borghini!'
) on conflict do nothing;